{"stat.leaveGame":4,"stat.pickup.minecraft.flint":2,"stat.craftItem.forestry.minerBag":1,"stat.mineBlock.minecraft.sandstone":11,"stat.swimOneCm":27805,"achievement.buildWorkBench":6,"stat.pickup.xreliquary.mob_ingredient":1,"stat.useItem.minecraft.dirt":59,"achievement.exploreAllBiomes":{"value":0,"progress":["Beach","Stone Beach","Forest","River","Ocean","Extreme Hills"]},"stat.pickup.minecraft.rotten_flesh":3,"stat.pickup.minecraft.sand":21,"stat.craftItem.minecraft.furnace":1,"stat.pickup.thermalfoundation.ore":55,"stat.pickup.chisel.marbleextra":1,"stat.craftItem.minecraft.stone_axe":1,"stat.craftItem.minecraft.iron_boots":2,"achievement.diamonds":6,"stat.craftItem.minecraft.stone_pickaxe":8,"stat.pickup.minecraft.cobblestone":705,"stat.useItem.minecraft.stone_shovel":48,"stat.craftItem.minecraft.stone_sword":1,"stat.flyOneCm":10447,"stat.pickup.minecraft.sandstone":12,"stat.mineBlock.minecraft.sand":10,"achievement.buildPickaxe":21,"achievement.buildBetterPickaxe":19,"stat.pickup.minecraft.redstone":44,"stat.mineBlock.minecraft.iron_ore":72,"stat.timeSinceDeath":62555,"stat.useItem.minecraft.iron_pickaxe":85,"stat.craftItem.minecraft.wooden_pickaxe":1,"stat.pickup.projectred-core.resource_item":27,"stat.drop.gravestone.death_info":1,"achievements.xu2.techtree.start":613,"stat.mineBlock.thermalfoundation.ore":55,"stat.mineBlock.natura.overworld_logs":1,"stat.furnaceInteraction":14,"stat.mineBlock.minecraft.coal_ore":50,"stat.killEntity.Creeper":1,"stat.pickup.extrautils2.ingredients":1,"stat.entityKilledBy.Skeleton":3,"achievement.buildSword":3,"achievement.mineWood":69,"stat.mineBlock.natura.overworld_leaves":1,"stat.sprintOneCm":74,"stat.craftItem.minecraft.stick":48,"achievement.openInventory":55,"stat.mineBlock.minecraft.diamond_ore":6,"stat.mineBlock.minecraft.crafting_table":1,"stat.useItem.minecraft.diamond_pickaxe":15,"stat.entityKilledBy.Creeper":1,"achievement.killEnemy":5,"achievement.buildFurnace":2,"stat.deaths":7,"stat.drop":1,"stat.playOneMinute":82902,"stat.craftItem.minecraft.iron_pickaxe":1,"stat.craftItem.minecraft.diamond_pickaxe":1,"stat.killEntity.Zombie":4,"stat.mineBlock.minecraft.gold_ore":12,"stat.mineBlock.minecraft.tallgrass":1,"stat.diveOneCm":20970,"stat.chestOpened":10,"stat.useItem.minecraft.stone":1,"stat.mineBlock.projectred-exploration.ore":7,"stat.pickup.minecraft.gravel":30,"stat.pickup.minecraft.arrow":2,"stat.useItem.minecraft.apple":2,"stat.useItem.minecraft.sand":6,"stat.jump":625,"stat.pickup.minecraft.coal":50,"stat.fallOneCm":14532,"stat.useItem.minecraft.stone_axe":72,"stat.pickup.minecraft.gunpowder":1,"stat.craftItem.minecraft.torch":80,"stat.craftItem.minecraft.iron_ingot":44,"stat.craftItem.minecraft.chest":1,"stat.pickup.minecraft.dirt":62,"stat.craftItem.minecraft.iron_helmet":2,"stat.craftingTableInteraction":19,"stat.pickup.minecraft.iron_ore":71,"stat.pickup.minecraft.gold_ore":12,"stat.damageTaken":1975,"stat.mineBlock.minecraft.torch":5,"stat.useItem.minecraft.wooden_pickaxe":3,"stat.useItem.minecraft.furnace":1,"stat.entityKilledBy.Zombie":2,"stat.mineBlock.minecraft.gravel":28,"stat.useItem.minecraft.stone_pickaxe":879,"stat.useItem.minecraft.stone_sword":1,"stat.craftItem.minecraft.iron_leggings":1,"stat.damageDealt":1129,"stat.useItem.minecraft.crafting_table":4,"stat.mineBlock.minecraft.dirt":56,"stat.craftItem.minecraft.iron_sword":1,"stat.craftItem.minecraft.stone_shovel":1,"stat.walkOneCm":327480,"stat.useItem.minecraft.torch":81,"stat.pickup.minecraft.crafting_table":1,"stat.useItem.minecraft.cobblestone":13,"stat.craftItem.minecraft.crafting_table":3,"stat.breakItem.minecraft.stone_pickaxe":6,"ftbl.stat.last_seen":{"value":0,"progress":1524458901220},"stat.pickup.minecraft.log":69,"stat.pickup.minecraft.stone":77,"stat.craftItem.minecraft.iron_chestplate":1,"stat.pickup.minecraft.sapling":8,"stat.pickup.minecraft.wooden_door":4,"stat.pickup.minecraft.apple":2,"stat.craftItem.minecraft.planks":60,"stat.useItem.minecraft.iron_sword":24,"stat.mobKills":5,"ftbl.stat.first_joined":{"value":0,"progress":1524447020780},"stat.mineBlock.minecraft.log":70,"stat.craftItem.minecraft.wooden_door":6,"stat.useItem.minecraft.wooden_door":8,"achievement.acquireIron":58,"stat.pickup.minecraft.diamond":6,"stat.mineBlock.minecraft.leaves":15,"stat.pickup.minecraft.torch":8,"stat.mineBlock.minecraft.redstone_ore":10,"stat.pickup.minecraft.wool":4,"stat.mineBlock.minecraft.stone":726}