{"stat.chestOpened":6,"stat.walkOneCm":195822,"stat.useItem.minecraft.torch":27,"stat.pickup.projectred-core.resource_item":31,"stat.mineBlock.projectred-exploration.ore":10,"stat.pickup.minecraft.gravel":8,"achievements.xu2.techtree.start":1922,"stat.pickup.thermalfoundation.material":7,"stat.mineBlock.minecraft.cobblestone":2,"stat.mineBlock.thermalfoundation.ore":22,"stat.useItem.minecraft.cobblestone":9,"stat.pickup.minecraft.flint":1,"stat.furnaceInteraction":19,"stat.pickup.natura.overworld_berrybush_raspberry":1,"stat.mineBlock.bigreactors.brore":2,"stat.mineBlock.minecraft.coal_ore":43,"stat.breakItem.minecraft.stone_pickaxe":2,"stat.pickup.extrautils2.ingredients":2,"ftbl.stat.last_seen":{"value":0,"progress":1524458699479},"stat.pickup.gravestone.death_info":2,"stat.mineBlock.minecraft.sandstone":1,"stat.pickup.minecraft.log":23,"stat.mineBlock.natura.overworld_berrybush_raspberry":1,"stat.useItem.minecraft.mutton":5,"stat.swimOneCm":34071,"stat.jump":553,"stat.pickup.minecraft.coal":43,"stat.pickup.minecraft.iron_helmet":1,"stat.fallOneCm":9348,"stat.mineBlock.chisel.marbleextra":2,"stat.pickup.bigreactors.brore":2,"stat.entityKilledBy.Skeleton":2,"stat.pickup.minecraft.stone":23,"achievement.mineWood":21,"stat.craftItem.minecraft.iron_ingot":20,"stat.craftItem.minecraft.torch":32,"stat.breakItem.minecraft.iron_pickaxe":2,"stat.pickup.minecraft.sapling":1,"stat.pickup.minecraft.dirt":41,"stat.useItem.minecraft.dirt":26,"stat.sprintOneCm":73722,"stat.pickup.minecraft.iron_chestplate":1,"achievement.exploreAllBiomes":{"value":0,"progress":["Beach","Stone Beach","Forest","River","Ocean","Extreme Hills"]},"stat.pickup.minecraft.iron_boots":1,"stat.craftItem.minecraft.stick":32,"stat.craftingTableInteraction":13,"stat.pickup.minecraft.iron_ore":18,"stat.mineBlock.thermalfoundation.ore_fluid":7,"stat.pickup.ic2.resource":3,"stat.pickup.minecraft.sand":5,"stat.killEntity.Skeleton":1,"stat.pickup.thermalfoundation.ore":22,"stat.pickup.minecraft.gold_ore":2,"stat.pickup.chisel.marbleextra":1,"stat.mineBlock.ic2.resource":3,"achievement.openInventory":24,"stat.craftItem.minecraft.planks":8,"stat.useItem.minecraft.iron_sword":39,"stat.pickup.natura.edibles":2,"stat.damageTaken":2124,"stat.killEntity.Spider":1,"stat.craftItem.minecraft.stone_pickaxe":2,"stat.useItem.minecraft.wooden_pickaxe":32,"stat.mobKills":8,"stat.pickup.minecraft.cobblestone":608,"ftbl.stat.first_joined":{"value":0,"progress":1524456080358},"stat.mineBlock.minecraft.log":22,"stat.useItem.natura.edibles":2,"stat.pickup.minecraft.iron_leggings":1,"stat.flyOneCm":6613,"stat.deaths":6,"stat.pickup.minecraft.egg":1,"stat.playOneMinute":73569,"stat.mineBlock.minecraft.gravel":8,"stat.pickup.minecraft.torch":1,"stat.killEntity.Sheep":4,"stat.useItem.minecraft.stone_pickaxe":264,"stat.mineBlock.minecraft.redstone_ore":56,"stat.entityKilledBy.thermalfoundation.basalz":2,"stat.craftItem.minecraft.iron_pickaxe":2,"stat.pickup.minecraft.wool":5,"stat.damageDealt":1096,"stat.pickup.minecraft.redstone":242,"stat.pickup.natura.overworld_seeds":1,"stat.mineBlock.minecraft.iron_ore":17,"stat.killEntity.Zombie":1,"stat.timeSinceDeath":21135,"stat.mineBlock.minecraft.dirt":15,"stat.useItem.minecraft.iron_pickaxe":502,"stat.craftItem.minecraft.wooden_pickaxe":1,"stat.mineBlock.minecraft.stone":608,"stat.mineBlock.minecraft.gold_ore":2,"stat.diveOneCm":23435,"stat.pickup.minecraft.mutton":8,"stat.craftItem.minecraft.iron_sword":1}