{"stat.pickup.tconstruct.book":1,"stat.chestOpened":26,"stat.pickup.minecraft.bone":5,"stat.leaveGame":2,"stat.pickup.minecraft.gravel":2,"stat.pickup.minecraft.arrow":9,"stat.mineBlock.minecraft.cobblestone":1,"stat.mineBlock.actuallyadditions.blockWild":1,"stat.entityKilledBy.Witch":1,"stat.useItem.minecraft.rotten_flesh":8,"stat.breakItem.minecraft.wooden_sword":1,"stat.useItem.minecraft.mutton":3,"stat.jump":1241,"stat.swimOneCm":19749,"stat.pickup.minecraft.coal":54,"stat.fallOneCm":14182,"stat.craftItem.minecraft.shield":1,"achievement.buildWorkBench":2,"stat.pickup.minecraft.porkchop":2,"stat.crouchOneCm":2423,"achievement.killCow":1,"stat.mineBlock.gravestone.gravestone":2,"stat.craftItem.minecraft.torch":36,"stat.craftItem.minecraft.chest":4,"stat.craftItem.minecraft.iron_ingot":48,"stat.pickup.minecraft.dirt":37,"stat.useItem.minecraft.dirt":7,"stat.craftItem.minecraft.iron_helmet":1,"stat.pickup.minecraft.bow":1,"achievement.exploreAllBiomes":{"value":0,"progress":["Beach","Stone Beach","Forest","River","Ocean","Extreme Hills","Deep Ocean"]},"stat.useItem.minecraft.cooked_chicken":3,"stat.craftingTableInteraction":27,"stat.pickup.minecraft.iron_ore":48,"stat.pickup.minecraft.rotten_flesh":5,"stat.pickup.minecraft.sand":18,"stat.craftItem.minecraft.furnace":4,"stat.pickup.thermalfoundation.ore":25,"stat.entityKilledBy.Spider":1,"stat.pickup.natura.edibles":16,"stat.pickup.natura.materials":2,"stat.craftItem.minecraft.iron_boots":1,"stat.damageTaken":3881,"stat.pickup.minecraft.feather":5,"stat.pickup.minecraft.leather":2,"stat.craftItem.minecraft.stone_pickaxe":4,"stat.mineBlock.minecraft.torch":6,"stat.mineBlock.minecraft.furnace":2,"stat.useItem.minecraft.wooden_pickaxe":60,"stat.useItem.minecraft.furnace":5,"stat.craftItem.minecraft.cooked_beef":1,"stat.pickup.minecraft.cobblestone":272,"stat.craftItem.minecraft.wooden_sword":1,"stat.pickup.theoneprobe.probenote":1,"stat.pickup.minecraft.planks":20,"stat.pickup.forestry.beePrincessGE":1,"stat.craftItem.minecraft.stone_sword":1,"stat.flyOneCm":88847,"achievement.buildPickaxe":9,"stat.useItem.minecraft.stone_pickaxe":335,"stat.useItem.minecraft.cooked_beef":1,"stat.useItem.minecraft.stone_sword":136,"stat.craftItem.minecraft.iron_leggings":2,"stat.damageDealt":3602,"achievement.buildBetterPickaxe":8,"stat.pickup.minecraft.redstone":4,"stat.pickup.environmentaltech.digital_guide":1,"stat.mineBlock.minecraft.iron_ore":48,"stat.timeSinceDeath":44068,"stat.pickup.actuallyadditions.itemFood":1,"stat.killEntity.Cow":3,"stat.mineBlock.minecraft.dirt":14,"stat.useItem.minecraft.crafting_table":5,"stat.useItem.minecraft.iron_pickaxe":20,"stat.craftItem.minecraft.wooden_pickaxe":1,"stat.killEntity.Pig":1,"stat.pickup.minecraft.mutton":8,"stat.craftItem.minecraft.iron_sword":1,"stat.walkOneCm":225714,"stat.useItem.minecraft.torch":15,"stat.useItem.minecraft.chest":4,"stat.pickup.minecraft.crafting_table":5,"stat.mineBlock.thermalfoundation.ore":25,"stat.useItem.minecraft.cobblestone":2,"stat.craftItem.minecraft.crafting_table":1,"stat.furnaceInteraction":66,"stat.pickup.natura.overworld_berrybush_raspberry":3,"stat.mineBlock.minecraft.coal_ore":54,"stat.breakItem.minecraft.stone_pickaxe":2,"ftbl.stat.last_seen":{"value":0,"progress":1524457549639},"stat.craftItem.thermalfoundation.material":25,"stat.pickup.minecraft.log":31,"stat.pickup.minecraft.string":6,"stat.pickup.minecraft.beef":6,"stat.useItem.minecraft.cooked_mutton":4,"stat.pickup.minecraft.furnace":2,"stat.entityKilledBy.Skeleton":6,"stat.pickup.minecraft.stone":22,"stat.craftItem.minecraft.iron_chestplate":2,"stat.pickup.minecraft.chicken":4,"achievement.buildSword":3,"achievement.mineWood":30,"stat.pickup.minecraft.sapling":6,"stat.sprintOneCm":99101,"stat.craftItem.minecraft.stick":32,"stat.craftItem.minecraft.wooden_axe":1,"stat.killEntity.Skeleton":4,"stat.pickup.forestry.apatite":20,"achievement.openInventory":58,"stat.craftItem.minecraft.planks":116,"stat.useItem.minecraft.iron_sword":13,"stat.killEntity.Chicken":3,"stat.killEntity.Spider":3,"stat.mineBlock.minecraft.crafting_table":5,"stat.mineBlock.forestry.resources":6,"stat.useItem.minecraft.wooden_shovel":5,"stat.mobKills":23,"ftbl.stat.first_joined":{"value":0,"progress":1524455037673},"stat.mineBlock.minecraft.log":28,"stat.craftItem.minecraft.wooden_door":3,"stat.entityKilledBy.Creeper":1,"achievement.killEnemy":9,"stat.craftItem.minecraft.cooked_chicken":3,"stat.useItem.minecraft.beef":2,"stat.useItem.natura.edibles":16,"stat.useItem.minecraft.wooden_door":1,"achievement.buildFurnace":8,"stat.deaths":11,"achievement.acquireIron":108,"stat.mineBlock.minecraft.leaves":18,"stat.pickup.minecraft.egg":1,"stat.playOneMinute":79401,"stat.useItem.minecraft.wooden_sword":61,"stat.craftItem.minecraft.wooden_shovel":1,"stat.pickup.minecraft.torch":7,"stat.killEntity.Sheep":5,"stat.mineBlock.minecraft.redstone_ore":1,"stat.sneakTime":2048,"stat.craftItem.minecraft.iron_pickaxe":1,"stat.pickup.minecraft.wool":6,"stat.pickup.forestry.beeDroneGE":1,"stat.pickup.natura.overworld_seeds":4,"stat.killEntity.Zombie":4,"stat.mineBlock.morebees.hive":1,"stat.pickup.opencomputers.tool":1,"stat.useItem.minecraft.wooden_axe":29,"stat.pickup.actuallyadditions.itemRiceSeed":3,"stat.breakItem.minecraft.stone_sword":1,"stat.mineBlock.minecraft.stone":276,"stat.mineBlock.minecraft.tallgrass":3,"stat.craftItem.minecraft.cooked_mutton":4,"stat.diveOneCm":37487,"stat.breakItem.minecraft.wooden_pickaxe":1}